{
  "dependencies": {
    "mssql1": {
      "serviceConnectorResourceId": "/subscriptions/[parameters('subscriptionId')]/resourceGroups/[parameters('resourceGroupName')]/providers/Microsoft.Web/sites/LibraryOnlineProject/providers/Microsoft.ServiceLinker/linkers/ConnectionStringsLibrary2_3E60D9D1AA",
      "secretStore": "AzureAppSettings",
      "resourceId": "/subscriptions/[parameters('subscriptionId')]/resourceGroups/[parameters('resourceGroupName')]/providers/Microsoft.Sql/servers/librarydb/databases/Library",
      "type": "mssql.azure",
      "connectionId": "ConnectionStrings:Library2"
    }
  }
}